{"cameraMode":{"drawMode":0,"name":"Shaded","section":"Shading Mode"},"sceneLighting":false,"audioPlay":false,"sceneViewState":{"m_AlwaysRefresh":false,"showFog":true,"showSkybox":false,"showFlares":true,"showImageEffects":true,"showParticleSystems":true,"showVisualEffectGraphs":true,"m_FxEnabled":true},"in2DMode":false,"pivot":{"x":-1.2496933937072755,"y":1.4474902153015137,"z":0.20058536529541017},"rotation":{"x":0.06145741790533066,"y":-0.01137731783092022,"z":0.0006998194730840623,"w":0.9980497360229492},"size":11.294158935546875,"orthographic":false}